{
  "created_at_utc": "2026-04-02T16:09:43.212873+00:00",
  "model_type": "RandomForestClassifier",
  "expected_features": 126,
  "accuracy": 0.9964200477326969,
  "class_counts": {
    "A": 234,
    "B": 240,
    "C": 234,
    "D": 150,
    "E": 150,
    "F": 150,
    "G": 150,
    "H": 150,
    "I": 150,
    "J": 150,
    "K": 150,
    "L": 240,
    "M": 150,
    "N": 150,
    "O": 150,
    "P": 150,
    "Q": 150,
    "R": 150,
    "S": 150,
    "T": 150,
    "U": 150,
    "V": 150,
    "W": 150,
    "X": 150,
    "Y": 240
  },
  "sklearn_version": "1.8.0"
}