{
  "created_at_utc": "2026-04-09T02:54:10.255322+00:00",
  "model_type": "RandomForestClassifier",
  "expected_features": 126,
  "accuracy": 0.979381443298969,
  "class_counts": {
    "A": 28,
    "B": 30,
    "C": 48,
    "D": 80,
    "E": 30,
    "F": 25,
    "H": 30,
    "I": 19,
    "J": 14,
    "K": 20,
    "L": 30,
    "M": 20,
    "N": 20,
    "O": 20,
    "P": 20,
    "Q": 20,
    "Y": 30
  },
  "sklearn_version": "1.8.0"
}