{
  "created_at_utc": "2026-04-25T08:35:56.752057+00:00",
  "model_type": "RandomForestClassifier",
  "expected_features": 126,
  "accuracy": 0.9900744416873449,
  "class_counts": {
    "A": 78,
    "B": 80,
    "C": 78,
    "D": 80,
    "E": 80,
    "F": 75,
    "G": 50,
    "H": 78,
    "I": 79,
    "J": 74,
    "K": 70,
    "L": 80,
    "M": 80,
    "N": 79,
    "O": 80,
    "P": 78,
    "Q": 75,
    "R": 80,
    "S": 79,
    "T": 80,
    "U": 80,
    "V": 80,
    "W": 80,
    "X": 80,
    "Y": 80,
    "Z": 79
  },
  "sklearn_version": "1.8.0"
}